current_time,temp,humidity,weather
2026-03-05 05:36:46,10.5,22,Clouds
2026-03-05 06:08:06,11.76,40,Haze
2026-03-05 07:09:06,10.48,36,Clouds
2026-03-05 07:54:21,10.76,46,Haze
2026-03-05 08:36:09,7.36,73,Clouds
2026-03-05 09:24:30,6.76,76,Rain
2026-03-05 10:06:26,6.76,76,Rain
2026-03-05 10:58:49,4.74,91,Rain
2026-03-05 11:40:39,3.76,93,Rain
2026-03-05 12:02:07,3.74,92,Rain
2026-03-05 13:22:37,1.86,97,Rain
2026-03-05 14:10:35,1.89,99,Rain
2026-03-05 15:05:49,0.76,100,Snow
2026-03-05 16:00:20,0.76,100,Snow
2026-03-05 18:13:44,2.22,86,Clouds
2026-03-05 19:36:54,-0.24,100,Mist
2026-03-05 20:07:33,-0.24,100,Mist
2026-03-05 20:52:20,-0.24,100,Mist
2026-03-05 21:25:31,0.76,100,Mist
2026-03-05 21:57:22,2.19,79,Clouds
2026-03-05 22:37:51,2.19,79,Clouds
2026-03-05 23:40:03,1.76,93,Mist
2026-03-06 00:58:49,1.76,93,Mist
2026-03-06 03:30:20,3.76,75,Clouds
2026-03-06 04:57:51,3.76,75,Haze
2026-03-06 05:50:53,3.76,70,Mist
2026-03-06 06:31:37,3.5,56,Clouds
2026-03-06 07:25:33,2.76,70,Clouds
2026-03-06 07:57:46,2.76,70,Haze
2026-03-06 08:46:57,3.31,46,Rain
2026-03-06 09:24:13,2.76,65,Clouds
2026-03-06 10:01:35,2.15,46,Clouds
2026-03-06 10:50:31,0.76,75,Haze
2026-03-06 11:18:02,1.23,45,Clouds
2026-03-06 11:46:36,1.76,64,Clouds
2026-03-06 12:02:08,0.88,43,Clouds
2026-03-06 13:17:49,0.29,41,Clear
2026-03-06 14:03:49,0.16,40,Clear
2026-03-06 14:52:58,-0.24,64,Clouds
2026-03-06 15:29:50,-1.24,69,Clear
2026-03-06 16:03:04,-0.5,36,Clear
2026-03-06 16:56:26,-0.93,35,Clear
2026-03-06 17:36:45,-1.32,34,Clear
2026-03-06 18:03:55,-1.24,69,Clear
2026-03-06 19:01:04,-1.05,35,Clear
2026-03-06 19:40:27,-3.24,80,Clear
2026-03-06 20:00:14,-1.4,34,Clear
2026-03-06 20:43:01,-3.24,80,Clear
2026-03-06 21:03:11,-1.48,34,Clear
2026-03-06 21:39:24,-3.24,68,Clear
2026-03-06 21:57:57,-3.24,68,Clear
2026-03-06 22:35:27,-1.45,33,Clear
2026-03-06 22:59:35,-1.36,32,Clear
2026-03-06 23:36:04,-1.24,59,Clear
2026-03-06 23:55:29,-1.24,59,Clear
2026-03-07 01:54:21,0.9,23,Clear
2026-03-07 03:57:28,3.47,16,Clear
2026-03-07 05:01:56,3.76,41,Clear
2026-03-07 05:47:30,4.92,16,Clear
2026-03-07 06:21:31,4.92,16,Clear
2026-03-07 07:02:04,4.76,33,Clear
2026-03-07 07:37:46,4.82,17,Clear
2026-03-07 07:55:05,4.33,17,Clear
2026-03-07 08:29:05,4.76,30,Clear
2026-03-07 08:56:37,4.76,30,Clear
2026-03-07 09:31:36,2.76,35,Clear
2026-03-07 09:53:32,2.76,35,Clear
2026-03-07 10:17:32,1.76,41,Clear
2026-03-07 10:44:29,1.76,41,Clear
2026-03-07 10:59:03,1.76,41,Clear
2026-03-07 11:28:35,2.61,23,Clear
2026-03-07 11:45:46,-0.24,51,Clear
2026-03-07 11:56:42,-0.24,51,Clear
2026-03-07 12:52:53,-0.24,55,Clear
2026-03-07 13:33:34,0.81,28,Clear
2026-03-07 13:58:11,-2.24,64,Clear
2026-03-07 14:30:45,-2.24,64,Clear
2026-03-07 14:52:25,-2.24,64,Clear
2026-03-07 15:14:28,-2.24,64,Clear
2026-03-07 15:40:07,-2.24,64,Clear
2026-03-07 15:54:50,-2.24,64,Clear
2026-03-07 16:24:28,-0.31,33,Clear
2026-03-07 16:49:49,-0.5,34,Clear
2026-03-07 17:10:29,-4.24,74,Clear
2026-03-07 17:36:07,-0.59,35,Clear
2026-03-07 17:52:35,-0.59,35,Clear
2026-03-07 18:21:10,-4.24,80,Clear
2026-03-07 18:53:10,-4.24,80,Clear
2026-03-07 19:16:45,-0.59,35,Clear
2026-03-07 19:38:18,-4.24,80,Clear
2026-03-07 19:51:38,-0.61,35,Clear
2026-03-07 20:13:04,-4.24,80,Clear
2026-03-07 20:42:05,-5.24,80,Clear
2026-03-07 20:57:46,-0.65,35,Clear
2026-03-07 21:27:07,-5.24,86,Clear
2026-03-07 21:45:15,-0.64,34,Clear
2026-03-07 21:56:33,-0.64,34,Clear
2026-03-07 22:25:53,-0.64,34,Clear
2026-03-07 22:48:49,-6.24,93,Clear
2026-03-07 23:00:35,-6.24,93,Clear
2026-03-07 23:32:21,-0.26,32,Clear
2026-03-07 23:49:54,-2.24,80,Clear
2026-03-07 23:59:58,0.59,29,Clear
2026-03-08 02:52:26,3.76,38,Clear
2026-03-08 04:28:31,4.53,19,Clouds
2026-03-08 05:30:31,5.76,33,Clear
2026-03-08 06:05:53,5.76,33,Clear
2026-03-08 06:59:03,5.27,22,Clouds
2026-03-08 07:37:13,5.06,25,Clouds
2026-03-08 07:55:13,5.06,25,Clouds
2026-03-08 08:29:49,5.76,33,Clear
2026-03-08 08:57:26,5.76,33,Clear
2026-03-08 09:34:26,3.76,48,Clear
2026-03-08 09:55:22,3.76,48,Clear
2026-03-08 10:24:32,3.61,39,Clouds
2026-03-08 10:49:51,1.76,60,Clear
2026-03-08 11:10:30,0.76,75,Clear
2026-03-08 11:34:08,2.99,52,Clouds
2026-03-08 11:49:57,0.76,75,Clear
2026-03-08 11:59:39,2.99,52,Clouds
2026-03-08 13:07:11,0.76,75,Clear
2026-03-08 13:48:33,-0.24,86,Clear
2026-03-08 14:11:45,2.69,61,Clear
2026-03-08 14:43:19,2.42,63,Clear
2026-03-08 14:59:11,0.76,86,Clear
2026-03-08 15:33:10,2.42,63,Clear
2026-03-08 15:50:49,1.76,87,Clear
2026-03-08 16:12:30,2.14,64,Clear
2026-03-08 16:46:31,1.89,63,Clear
2026-03-08 17:02:43,1.76,87,Clear
2026-03-08 17:34:48,1.89,63,Clear
2026-03-08 17:53:54,1.76,93,Clear
2026-03-08 18:26:43,1.76,87,Clouds
2026-03-08 18:57:54,1.76,87,Clouds
2026-03-08 19:29:07,1.76,87,Clouds
2026-03-08 19:46:43,1.15,60,Clear
2026-03-08 19:57:55,1.15,60,Clear
2026-03-08 20:34:05,1.04,59,Clouds
2026-03-08 20:54:33,1.76,87,Mist
2026-03-08 21:20:14,1.76,87,Clouds
2026-03-08 21:41:44,1.76,87,Mist
2026-03-08 21:55:34,0.94,59,Clouds
2026-03-08 22:23:11,0.94,59,Clouds
2026-03-08 22:47:18,1.43,57,Clouds
2026-03-08 23:01:14,1.43,57,Clouds
2026-03-08 23:34:04,2.76,81,Haze
2026-03-08 23:52:52,2.76,81,Haze
2026-03-09 01:20:05,3.56,54,Clouds
2026-03-09 03:43:00,6.78,35,Clouds
2026-03-09 05:11:53,7.4,30,Clouds
2026-03-09 06:12:14,6.76,42,Haze
2026-03-09 07:18:17,7.76,29,Clouds
2026-03-09 08:00:09,6.76,45,Haze
2026-03-09 08:57:19,6.76,45,Haze
2026-03-09 09:57:21,6.47,33,Clouds
2026-03-09 10:51:25,5.67,36,Clouds
2026-03-09 11:26:35,2.76,60,Clouds
2026-03-09 11:56:47,2.76,60,Haze
2026-03-09 13:10:14,4.01,40,Clear
2026-03-09 14:12:44,1.76,60,Clear
2026-03-09 15:12:09,-1.24,74,Haze
2026-03-09 16:14:18,2.71,42,Clear
2026-03-09 17:11:32,2.39,43,Clear
2026-03-09 18:00:31,-1.24,74,Haze
2026-03-09 19:04:56,-2.24,86,Haze
2026-03-09 19:47:59,1.44,46,Clear
2026-03-09 20:17:09,-4.24,93,Clear
2026-03-09 20:54:21,-4.24,93,Mist
2026-03-09 21:28:46,-4.24,100,Mist
2026-03-09 21:56:51,0.9,47,Clear
2026-03-09 22:32:43,0.9,47,Clear
2026-03-09 22:58:14,-4.24,93,Mist
2026-03-09 23:35:16,1.45,44,Clouds
2026-03-09 23:54:42,2.38,39,Clouds
2026-03-10 01:47:54,4.99,31,Clouds
2026-03-10 03:55:57,7.76,39,Clear
2026-03-10 05:09:47,7.76,34,Clear
2026-03-10 06:00:03,7.76,34,Haze
2026-03-10 07:03:21,8.76,31,Haze
2026-03-10 07:50:47,6.37,26,Clear
2026-03-10 08:24:46,6.76,39,Clear
2026-03-10 09:07:43,5.54,29,Clear
2026-03-10 09:59:20,4.85,33,Clear
2026-03-10 10:53:24,4.35,36,Clear
2026-03-10 11:27:59,1.76,48,Clear
2026-03-10 11:56:24,3.96,39,Clear
2026-03-10 13:04:47,1.76,51,Clear
2026-03-10 14:06:40,-2.24,80,Clear
2026-03-10 15:07:24,-2.24,80,Clear
2026-03-10 16:12:13,2.91,43,Clouds
2026-03-10 17:08:16,-3.24,86,Clear
2026-03-10 17:59:38,-2.24,93,Clear
2026-03-10 19:02:12,-1.24,86,Clear
2026-03-10 19:46:06,-1.24,86,Clear
2026-03-10 20:16:58,2.11,49,Clouds
2026-03-10 20:52:18,-1.24,93,Clear
2026-03-10 21:21:54,-1.24,93,Clear
2026-03-10 21:48:06,-1.24,93,Clear
2026-03-10 22:01:27,1.93,48,Clouds
2026-03-10 22:39:52,-0.24,80,Clear
2026-03-10 23:00:42,2.5,45,Clouds
2026-03-10 23:37:22,0.76,80,Clear
2026-03-10 23:56:14,0.76,80,Clear
2026-03-11 02:06:21,3.76,65,Clear
2026-03-11 04:17:33,6.76,49,Clear
2026-03-11 05:28:40,6.76,45,Clouds
2026-03-11 06:09:07,6.76,45,Clouds
2026-03-11 07:11:02,9.43,25,Clouds
2026-03-11 07:55:19,9.17,30,Clouds
2026-03-11 08:39:22,7.76,61,Clear
2026-03-11 09:27:10,5.76,70,Clear
2026-03-11 10:07:36,5.76,70,Clear
2026-03-11 10:58:59,4.76,70,Clear
2026-03-11 11:40:52,3.76,75,Clear
2026-03-11 12:01:50,6.22,55,Clouds
2026-03-11 13:23:14,-0.24,93,Clear
2026-03-11 14:15:11,-0.24,93,Clouds
2026-03-11 15:08:19,5.17,69,Clear
2026-03-11 16:01:10,4.9,72,Clear
2026-03-11 17:04:15,-0.24,100,Mist
2026-03-11 17:58:13,-1.24,100,Mist
2026-03-11 19:01:57,-1.24,100,Mist
2026-03-11 19:46:47,-0.24,100,Mist
2026-03-11 20:18:26,3.75,65,Clear
2026-03-11 20:53:15,3.47,64,Clear
2026-03-11 21:26:02,3.47,64,Clear
2026-03-11 21:55:32,-2.24,100,Fog
2026-03-11 22:26:42,3.22,64,Clear
2026-03-11 22:50:20,-2.24,100,Fog
2026-03-11 23:13:09,3.77,61,Clear
2026-03-11 23:43:19,-0.24,100,Fog
2026-03-12 00:00:02,-0.24,100,Fog
2026-03-12 02:50:13,8.76,53,Haze
2026-03-12 04:28:19,10.45,31,Clear
2026-03-12 05:36:40,12.76,38,Clear
2026-03-12 06:32:22,12.76,33,Clear
2026-03-12 07:30:59,12.76,28,Clear
2026-03-12 08:03:47,12.76,28,Clear
2026-03-12 08:58:29,12.76,26,Clear
2026-03-12 09:53:36,11.76,28,Clear
2026-03-12 10:33:08,8.56,40,Clouds
2026-03-12 11:09:10,8.56,40,Clouds
2026-03-12 11:43:41,8.76,43,Clear
2026-03-12 12:00:48,7.78,43,Clouds
2026-03-12 13:22:44,6.7,46,Clear
2026-03-12 14:12:59,5.87,48,Clear
2026-03-12 15:10:40,5.54,47,Clear
2026-03-12 16:15:02,2.76,70,Clear
2026-03-12 17:13:04,2.76,70,Clear
2026-03-12 18:04:03,2.76,70,Clear
2026-03-12 19:08:01,4.49,53,Clear
2026-03-12 19:51:06,-1.24,86,Clear
2026-03-12 20:20:45,4.13,53,Clear
2026-03-12 20:56:54,3.86,54,Clear
2026-03-12 21:36:21,3.49,54,Clear
2026-03-12 21:58:44,0.76,80,Clear
2026-03-12 22:35:18,3.49,54,Clear
2026-03-12 22:58:15,3.82,51,Clear
2026-03-12 23:35:08,1.76,87,Clear
2026-03-12 23:55:50,1.76,87,Clear
2026-03-13 02:05:22,7.76,36,Clear
2026-03-13 04:20:02,9.14,24,Clear
2026-03-13 05:30:09,11.76,26,Clear
2026-03-13 06:10:08,11.76,26,Clear
2026-03-13 07:12:21,11.09,21,Clear
2026-03-13 07:56:27,11.1,22,Clear
2026-03-13 08:42:18,11.76,24,Clear
2026-03-13 09:24:17,10.67,23,Clear
2026-03-13 10:02:00,10.13,25,Clouds
2026-03-13 10:51:59,7.76,49,Clear
2026-03-13 11:23:24,9.48,28,Clouds
2026-03-13 11:51:18,5.76,56,Clear
2026-03-13 12:30:01,8.81,30,Clouds
2026-03-13 13:42:13,3.76,70,Clear
2026-03-13 14:28:43,2.76,81,Clear
2026-03-13 15:11:19,2.76,81,Clear
2026-03-13 15:58:05,1.76,93,Clear
2026-03-13 16:50:16,1.76,87,Clear
2026-03-13 17:24:49,1.76,87,Clear
2026-03-13 17:58:54,6.42,40,Clouds
2026-03-13 18:55:51,2.76,87,Clear
2026-03-13 19:31:25,2.76,87,Clear
2026-03-13 19:57:46,5.62,44,Clouds
2026-03-13 20:41:36,2.76,87,Clear
2026-03-13 21:17:51,5.19,46,Clouds
2026-03-13 21:50:28,5.31,46,Clouds
2026-03-13 22:16:16,3.76,75,Clear
2026-03-13 22:47:12,3.76,75,Clear
2026-03-13 23:13:56,5.76,56,Clear
2026-03-13 23:45:06,6.38,43,Clouds
2026-03-14 00:02:54,6.38,43,Clouds
2026-03-14 02:48:17,8.97,34,Clouds
2026-03-14 04:25:30,12.76,33,Clear
2026-03-14 05:30:17,10.5,28,Clouds
2026-03-14 06:07:58,11.22,25,Clouds
2026-03-14 07:04:42,10.76,35,Clear
2026-03-14 07:46:59,9.89,27,Clouds
2026-03-14 08:03:00,8.76,40,Clear
2026-03-14 08:49:48,7.76,39,Clear
2026-03-14 09:19:47,9.03,33,Clouds
2026-03-14 09:53:04,7.76,39,Clear
2026-03-14 10:20:20,8.22,41,Clouds
2026-03-14 10:50:27,6.76,45,Clear
2026-03-14 11:13:25,7.74,49,Clouds
2026-03-14 11:40:10,6.76,53,Clear
2026-03-14 11:57:17,6.76,53,Clear
2026-03-14 13:01:30,5.76,61,Clear
2026-03-14 13:51:44,6.69,66,Clouds
2026-03-14 14:19:08,5.76,81,Clouds
2026-03-14 14:50:41,5.76,81,Clouds
2026-03-14 15:15:30,6.36,71,Clouds
2026-03-14 15:44:58,5.76,81,Clouds
2026-03-14 16:00:59,6.15,73,Clouds
2026-03-14 16:44:58,5.76,93,Clouds
2026-03-14 17:04:09,6.02,75,Clouds
2026-03-14 17:39:22,6.02,75,Clouds
2026-03-14 17:58:12,5.72,77,Clouds
2026-03-14 18:50:00,5.76,100,Mist
2026-03-14 19:17:25,5.76,100,Mist
2026-03-14 19:43:55,5.76,100,Mist
2026-03-14 19:59:06,5.76,100,Mist
2026-03-14 20:39:00,5.76,100,Mist
2026-03-14 20:59:34,6.15,72,Clouds
2026-03-14 21:35:00,4.76,100,Mist
2026-03-14 21:55:00,4.76,100,Mist
2026-03-14 22:23:51,5.76,100,Mist
2026-03-14 22:51:09,5.76,100,Mist
2026-03-14 23:15:53,5.76,100,Mist
2026-03-14 23:45:52,6.68,68,Clouds
2026-03-15 00:01:50,6.68,68,Clouds
2026-03-15 03:27:18,7.76,71,Clouds
2026-03-15 05:18:04,9.56,54,Clouds
2026-03-15 06:12:31,9.76,57,Haze
2026-03-15 07:14:04,9.4,49,Clouds
2026-03-15 07:54:23,10.76,50,Haze
2026-03-15 08:32:21,9.76,53,Haze
2026-03-15 09:03:44,9.76,53,Haze
2026-03-15 09:47:28,8.76,57,Haze
2026-03-15 10:14:22,7.39,58,Clouds
2026-03-15 10:51:11,6.76,70,Haze
2026-03-15 11:15:50,6.82,57,Clouds
2026-03-15 11:42:57,6.46,55,Clouds
2026-03-15 11:58:43,6.46,55,Clouds
2026-03-15 13:10:51,4.76,60,Clear
2026-03-15 13:55:40,2.76,70,Clear
2026-03-15 14:29:56,1.76,80,Clear
2026-03-15 14:58:07,1.76,80,Clear
2026-03-15 15:35:14,-0.24,86,Mist
2026-03-15 15:56:03,-0.24,86,Mist
2026-03-15 16:34:31,-0.24,93,Mist
2026-03-15 17:00:27,4.53,57,Clouds
2026-03-15 17:38:11,-0.24,100,Mist
2026-03-15 17:58:36,-0.24,100,Mist
2026-03-15 18:52:14,0.76,86,Mist
2026-03-15 19:21:35,0.76,86,Mist
2026-03-15 19:46:16,4.12,60,Clouds
2026-03-15 20:00:34,0.76,86,Mist
2026-03-15 20:40:31,-0.24,100,Mist
2026-03-15 21:00:43,4.08,60,Clouds
2026-03-15 21:37:33,3.78,61,Clouds
2026-03-15 21:56:18,3.78,61,Clouds
2026-03-15 22:29:53,3.78,61,Clouds
2026-03-15 22:57:56,4.34,58,Clouds
2026-03-15 23:35:52,1.76,100,Mist
2026-03-15 23:57:41,1.76,100,Mist
2026-03-16 02:52:50,9.76,50,Haze
2026-03-16 05:09:22,12.76,38,Haze
2026-03-16 06:48:58,11.76,40,Haze
2026-03-16 07:58:56,11.13,26,Clouds
2026-03-16 09:09:00,10.49,26,Clouds
2026-03-16 10:14:29,9.63,29,Clouds
2026-03-16 11:12:52,8.83,31,Clouds
2026-03-16 11:58:36,8.24,32,Clouds
2026-03-16 13:44:42,3.76,75,Clear
2026-03-16 14:48:54,1.76,80,Clear
2026-03-16 15:50:43,1.76,80,Clear
2026-03-16 16:46:38,-0.24,93,Clear
2026-03-16 17:47:38,5.76,34,Clear
2026-03-16 18:41:17,-0.24,93,Mist
2026-03-16 19:42:04,-0.24,86,Mist
2026-03-16 20:21:22,-1.24,100,Mist
2026-03-16 21:01:44,5.02,35,Clouds
2026-03-16 21:51:28,4.93,35,Clouds
2026-03-16 22:21:29,4.93,35,Clouds
2026-03-16 22:54:43,5.68,33,Clouds
2026-03-16 23:28:52,5.68,33,Clouds
2026-03-16 23:54:18,6.99,30,Clouds
2026-03-17 01:49:34,9.64,24,Clear
2026-03-17 04:04:28,14.65,17,Clear
2026-03-17 05:35:26,13.76,35,Haze
2026-03-17 06:41:44,14.76,29,Haze
2026-03-17 07:41:36,13.57,16,Clear
2026-03-17 08:32:21,12.76,33,Haze
2026-03-17 09:33:15,12.8,13,Clear
2026-03-17 10:30:05,6.76,42,Haze
2026-03-17 11:26:02,5.76,42,Haze
2026-03-17 12:02:12,5.76,42,Haze
2026-03-17 13:46:44,9.35,22,Clouds
2026-03-17 14:45:01,3.76,60,Clear
2026-03-17 15:46:36,2.76,75,Clear
2026-03-17 16:47:45,3.76,70,Clear
2026-03-17 17:46:46,8.82,21,Clouds
2026-03-17 18:40:06,8.73,22,Clouds
2026-03-17 19:41:53,8.3,26,Rain
2026-03-17 20:21:44,4.76,70,Rain
2026-03-17 21:01:06,7.37,36,Rain
2026-03-17 21:50:06,5.74,57,Rain
2026-03-17 22:19:59,5.76,70,Rain
2026-03-17 22:55:31,5.76,70,Rain
2026-03-17 23:31:47,4.59,74,Rain
2026-03-17 23:58:39,3.84,85,Rain
2026-03-18 02:53:06,4.76,93,Rain
2026-03-18 04:51:54,5.76,100,Rain
2026-03-18 05:56:05,5.76,93,Mist
2026-03-18 07:02:57,8.76,71,Mist
2026-03-18 07:58:33,9.76,66,Mist
2026-03-18 09:00:22,8.71,59,Clouds
2026-03-18 10:04:39,6.86,59,Clouds
2026-03-18 11:05:12,6.6,55,Clouds
2026-03-18 11:55:31,4.76,81,Clear
2026-03-18 13:10:20,3.76,87,Clouds
2026-03-18 14:41:25,3.76,65,Clear
2026-03-18 15:52:58,1.76,69,Clear
2026-03-18 16:52:33,2.76,60,Clear
2026-03-18 17:53:16,3.68,34,Clouds
2026-03-18 18:50:36,2.76,56,Clear
2026-03-18 19:38:56,2.98,36,Clouds
2026-03-18 20:05:53,-0.24,64,Clear
2026-03-18 20:54:03,2.76,35,Clouds
2026-03-18 21:29:55,-1.24,69,Clear
2026-03-18 22:00:40,2.66,33,Clouds
2026-03-18 22:41:12,-1.24,74,Clear
2026-03-18 23:04:09,-1.24,74,Clear
2026-03-18 23:39:32,2.76,60,Clear
2026-03-18 23:58:59,4.6,27,Clouds
2026-03-19 03:14:20,8.83,14,Clear
2026-03-19 05:04:33,9.77,17,Clear
2026-03-19 06:08:35,10.76,28,Clear
2026-03-19 07:13:31,8.57,22,Clouds
2026-03-19 07:56:45,8.05,29,Clouds
2026-03-19 08:47:43,7.23,34,Clouds
2026-03-19 09:30:09,7.23,34,Clouds
2026-03-19 10:09:36,5.76,61,Clear
2026-03-19 11:01:12,5.76,61,Clear
2026-03-19 11:46:56,5.8,46,Clouds
2026-03-19 12:29:34,5.8,46,Clouds
2026-03-19 13:50:11,5.26,51,Clouds
2026-03-19 14:38:54,4.95,56,Clouds
2026-03-19 15:35:57,2.76,81,Clear
2026-03-19 16:37:39,4.81,62,Clouds
2026-03-19 17:40:16,2.76,93,Clear
2026-03-19 18:33:27,-0.24,100,Clear
2026-03-19 19:30:51,-1.24,100,Clear
2026-03-19 20:02:58,-1.24,100,Clouds
2026-03-19 20:52:31,3.4,75,Clear
2026-03-19 21:27:00,3.4,75,Clear
2026-03-19 21:55:49,3.34,74,Clear
2026-03-19 22:29:12,3.34,74,Clear
2026-03-19 22:58:03,0.76,100,Clouds
2026-03-19 23:36:04,3.76,87,Clear
2026-03-19 23:57:01,3.76,87,Clear
2026-03-20 02:27:06,8.76,66,Clouds
2026-03-20 04:25:50,10.76,54,Clouds
2026-03-20 05:34:07,12.06,20,Clear
2026-03-20 06:31:55,12.76,44,Clear
2026-03-20 07:31:07,12.76,38,Clear
2026-03-20 08:03:32,11.75,25,Clouds
2026-03-20 08:56:30,11.76,37,Clear
2026-03-20 09:43:51,9.76,46,Clear
2026-03-20 10:22:35,7.76,61,Clear
2026-03-20 11:01:51,7.76,61,Clear
2026-03-20 11:39:55,6.76,61,Clear
2026-03-20 12:00:10,8.2,35,Clouds
2026-03-20 13:20:02,7.62,39,Clear
2026-03-20 14:09:15,7.16,41,Clear
2026-03-20 15:01:24,1.76,75,Clear
2026-03-20 15:54:00,6.35,44,Clear
2026-03-20 16:37:22,5.89,47,Clear
2026-03-20 17:22:50,5.89,47,Clear
2026-03-20 17:58:18,-0.24,93,Clear
2026-03-20 18:59:59,-1.24,93,Mist
2026-03-20 19:40:28,-0.24,100,Mist
2026-03-20 20:01:06,-0.24,100,Mist
2026-03-20 20:46:44,4.67,51,Clear
2026-03-20 21:16:19,4.67,51,Clear
2026-03-20 21:47:36,-1.24,100,Mist
2026-03-20 22:02:13,4.55,50,Clear
2026-03-20 22:41:35,5.37,46,Clear
2026-03-20 23:02:25,-0.24,100,Mist
2026-03-20 23:38:41,4.76,87,Mist
2026-03-20 23:57:51,4.76,87,Mist
2026-03-21 02:30:16,10.76,32,Clear
2026-03-21 04:17:21,11.85,16,Clouds
2026-03-21 05:14:13,12.52,13,Clouds
2026-03-21 05:56:06,12.68,13,Clouds
2026-03-21 06:45:38,13.76,28,Clear
2026-03-21 07:23:17,12.28,12,Clear
2026-03-21 07:50:14,13.76,28,Clear
2026-03-21 08:16:12,12.76,28,Clear
2026-03-21 08:52:03,10.56,16,Clear
2026-03-21 09:22:19,10.76,28,Clear
2026-03-21 09:51:37,9.69,18,Clear
2026-03-21 10:15:18,9.69,18,Clear
2026-03-21 10:47:51,6.76,33,Clear
2026-03-21 11:11:01,4.76,42,Clear
2026-03-21 11:35:54,4.76,42,Clear
2026-03-21 11:52:40,4.76,42,Clear
2026-03-21 12:29:39,8.86,21,Clear
2026-03-21 13:26:26,3.76,70,Clear
2026-03-21 13:57:52,8.01,24,Clear
2026-03-21 14:33:13,8.37,22,Clear
2026-03-21 14:56:12,3.76,65,Clear
2026-03-21 15:27:12,1.76,69,Clear
2026-03-21 15:49:07,1.76,69,Clear
2026-03-21 16:13:16,2.76,70,Clear
2026-03-21 16:48:36,2.76,70,Clear
2026-03-21 17:13:37,7.41,28,Clouds
2026-03-21 17:43:52,1.76,80,Clear
2026-03-21 17:59:49,7.32,28,Clouds
2026-03-21 18:50:09,2.76,75,Clear
2026-03-21 19:14:00,2.76,81,Clear
2026-03-21 19:39:27,2.76,81,Clear
2026-03-21 19:54:39,2.76,81,Clear
2026-03-21 20:23:01,1.76,87,Clear
2026-03-21 20:48:13,1.76,87,Clear
2026-03-21 21:12:23,7.34,24,Clouds
2026-03-21 21:40:31,2.76,87,Clear
2026-03-21 21:56:22,7.26,24,Clouds
2026-03-21 22:27:23,7.26,24,Clouds
2026-03-21 22:51:55,7.71,23,Clouds
2026-03-21 23:14:55,7.71,23,Clouds
2026-03-21 23:41:50,8.61,22,Clouds
2026-03-21 23:57:49,4.76,70,Clear
2026-03-22 02:46:14,13.76,26,Clear
2026-03-22 04:45:12,16.76,20,Clear
2026-03-22 05:42:38,17.4,14,Clouds
2026-03-22 06:32:55,17.76,17,Clear
2026-03-22 07:24:49,16.76,16,Clear
2026-03-22 07:55:20,16.7,14,Clouds
2026-03-22 08:33:20,16.32,14,Clouds
2026-03-22 09:01:51,13.76,15,Clouds
2026-03-22 09:43:54,12.76,21,Clear
2026-03-22 10:00:42,12.55,18,Clouds
2026-03-22 10:39:19,9.76,34,Clear
2026-03-22 11:00:05,11.88,18,Clouds
2026-03-22 11:32:03,11.68,18,Clouds
2026-03-22 11:50:28,7.76,46,Clear
2026-03-22 12:20:43,6.76,45,Clear
2026-03-22 13:16:16,5.76,49,Clear
2026-03-22 13:54:58,5.76,49,Clear
2026-03-22 14:26:08,5.76,49,Clear
2026-03-22 14:53:46,9.44,24,Clouds
2026-03-22 15:20:30,4.76,52,Clear
2026-03-22 15:45:00,8.9,25,Clouds
2026-03-22 16:00:13,4.76,52,Clear
2026-03-22 16:41:34,8.45,26,Clouds
2026-03-22 17:01:30,8.45,26,Clouds
2026-03-22 17:35:26,8.45,26,Clouds
2026-03-22 17:55:32,2.76,75,Clear
2026-03-22 18:37:07,1.76,75,Clear
2026-03-22 19:04:24,1.76,75,Clear
2026-03-22 19:35:50,0.76,69,Clear
2026-03-22 19:52:25,0.76,69,Clear
2026-03-22 20:16:39,7.85,34,Clouds
2026-03-22 20:46:46,0.76,80,Clear
2026-03-22 21:12:52,0.76,80,Clear
2026-03-22 21:42:37,0.76,80,Clear
2026-03-22 21:58:42,0.76,80,Clear
2026-03-22 22:34:46,0.76,80,Clear
2026-03-22 22:57:19,0.76,80,Clear
2026-03-22 23:33:24,9.53,32,Clouds
2026-03-22 23:56:00,5.76,70,Clear
2026-03-23 02:23:44,13.76,28,Clear
2026-03-23 04:39:44,18.96,21,Clouds
2026-03-23 06:00:02,18.76,20,Clear
2026-03-23 07:24:39,19.39,22,Clouds
2026-03-23 08:12:14,17.76,27,Clear
2026-03-23 09:14:00,14.76,41,Clear
2026-03-23 10:15:52,10.76,54,Clear
2026-03-23 11:11:11,10.76,54,Clear
2026-03-23 11:55:12,7.76,71,Clouds
2026-03-23 13:04:36,12.89,31,Clouds
2026-03-23 14:19:45,5.76,70,Clouds
2026-03-23 15:31:31,12.01,35,Clouds
2026-03-23 16:30:57,3.76,87,Clouds
2026-03-23 17:28:47,10.85,41,Clouds
2026-03-23 18:10:35,3.76,87,Mist
2026-03-23 19:13:16,3.76,87,Mist
2026-03-23 19:56:33,2.76,93,Mist
2026-03-23 20:39:46,9.55,47,Clouds
2026-03-23 21:20:30,3.76,93,Mist
2026-03-23 21:52:34,3.76,93,Mist
2026-03-23 22:23:00,2.76,100,Clouds
2026-03-23 22:57:40,10.03,46,Clouds
2026-03-23 23:38:14,8.76,71,Haze
2026-03-23 23:59:49,8.76,71,Haze
2026-03-24 02:50:30,15.76,33,Haze
2026-03-24 04:45:13,16.76,29,Haze
2026-03-24 05:48:31,15.76,36,Clear
2026-03-24 06:45:38,17.32,37,Clouds
2026-03-24 07:43:26,14.76,51,Clear
2026-03-24 08:33:40,15.22,39,Clouds
2026-03-24 09:33:55,12.76,58,Clear
2026-03-24 10:30:35,13.68,40,Clouds
2026-03-24 11:26:57,10.76,66,Clear
2026-03-24 12:04:06,10.76,66,Clear
2026-03-24 13:47:06,12.28,39,Clouds
2026-03-24 14:46:51,12.07,39,Clouds
2026-03-24 15:49:40,8.76,81,Clouds
2026-03-24 16:45:30,7.76,87,Clouds
2026-03-24 17:42:39,7.76,87,Clouds
2026-03-24 18:40:35,10.83,39,Clouds
2026-03-24 19:40:57,6.76,100,Clouds
2026-03-24 20:23:40,6.76,100,Mist
2026-03-24 21:02:04,6.76,100,Mist
2026-03-24 21:49:13,6.76,93,Mist
2026-03-24 22:17:08,6.76,93,Clouds
2026-03-24 22:52:57,10.75,31,Clouds
2026-03-24 23:24:06,8.76,93,Clouds
2026-03-24 23:53:40,11.71,29,Clouds
2026-03-25 01:45:38,13.76,62,Clouds
2026-03-25 04:06:07,15.76,41,Clear
2026-03-25 05:37:22,19.74,23,Clear
2026-03-25 06:42:00,19.77,24,Clear
2026-03-25 07:41:14,16.76,48,Clear
2026-03-25 08:30:56,14.76,44,Clear
2026-03-25 09:31:30,12.76,67,Clear
2026-03-25 10:28:34,9.76,71,Clear
2026-03-25 11:23:43,8.76,71,Clear
2026-03-25 12:01:15,8.76,71,Clear
2026-03-25 13:44:20,5.76,87,Clear
2026-03-25 14:46:22,6.76,93,Clear
2026-03-25 15:53:21,10.57,55,Clear
2026-03-25 16:56:03,5.76,100,Mist
2026-03-25 17:59:03,5.76,100,Mist
2026-03-25 19:07:10,3.76,100,Mist
2026-03-25 19:52:58,3.76,100,Mist
2026-03-25 20:31:11,2.76,100,Mist
2026-03-25 21:05:24,2.76,100,Mist
2026-03-25 21:52:06,3.76,100,Fog
2026-03-25 22:25:26,2.76,100,Mist
2026-03-25 23:02:29,2.76,100,Mist
2026-03-25 23:47:31,6.76,100,Mist
2026-03-26 01:02:30,8.76,81,Mist
2026-03-26 03:53:23,15.76,55,Haze
2026-03-26 05:28:44,16.76,39,Clear
2026-03-26 06:47:17,17.76,36,Haze
2026-03-26 07:49:39,19,27,Clouds
2026-03-26 08:37:28,17.72,28,Clouds
2026-03-26 09:42:46,12.76,67,Haze
2026-03-26 10:36:19,8.76,87,Haze
2026-03-26 11:33:01,13.17,42,Clouds
2026-03-26 12:35:57,12.06,49,Clear
2026-03-26 14:08:29,4.76,100,Mist
2026-03-26 15:39:25,3.76,100,Mist
2026-03-26 16:44:41,3.76,100,Mist
2026-03-26 17:45:25,10.18,61,Clouds
2026-03-26 18:42:01,3.76,100,Mist
2026-03-26 19:43:10,2.76,100,Mist
2026-03-26 20:19:27,9.44,60,Clouds
2026-03-26 20:54:00,5.76,100,Mist
2026-03-26 21:27:20,5.76,100,Mist
2026-03-26 21:54:10,9.3,59,Clear
2026-03-26 22:24:22,9.3,59,Clear
2026-03-26 22:55:43,10.07,57,Clear
2026-03-26 23:32:07,10.07,57,Clear
2026-03-26 23:59:56,6.76,100,Mist
2026-03-27 03:24:07,13.76,62,Haze
2026-03-27 05:21:24,20.24,30,Clear
2026-03-27 06:42:23,20.15,36,Clear
2026-03-27 07:46:28,19.22,38,Clear
2026-03-27 08:34:11,15.76,55,Clear
2026-03-27 09:33:54,14.95,47,Clear
2026-03-27 10:28:28,14.94,47,Clear
2026-03-27 11:24:37,8.76,87,Clear
2026-03-27 12:01:59,8.76,87,Haze
2026-03-27 13:38:41,11.72,59,Clouds
2026-03-27 14:35:43,5.76,100,Fog
2026-03-27 15:32:41,5.76,100,Fog
2026-03-27 16:30:48,11.03,59,Clouds
2026-03-27 17:29:27,10.75,58,Clouds
2026-03-27 18:29:45,10.27,57,Clouds
2026-03-27 19:24:22,9.72,62,Clouds
2026-03-27 19:57:34,4.76,100,Mist
2026-03-27 20:44:55,4.76,100,Mist
2026-03-27 21:21:08,4.76,100,Mist
2026-03-27 21:54:13,4.76,100,Mist
2026-03-27 22:27:58,5.76,100,Mist
2026-03-27 23:01:32,5.76,100,Mist
2026-03-27 23:41:48,11.53,48,Clouds
2026-03-28 00:00:27,11.53,48,Clouds
2026-03-28 02:54:37,14.76,44,Haze
2026-03-28 04:50:40,17.76,39,Haze
2026-03-28 05:46:44,17.76,45,Haze
2026-03-28 06:40:43,17.76,39,Haze
2026-03-28 07:34:30,18.39,19,Clear
2026-03-28 08:04:33,18.76,32,Haze
2026-03-28 08:54:37,17.76,42,Haze
2026-03-28 09:33:49,17.07,23,Clear
2026-03-28 10:02:45,15.76,41,Haze
2026-03-28 10:46:55,8.76,81,Haze
2026-03-28 11:14:41,15.25,26,Clear
2026-03-28 11:44:22,5.76,93,Haze
2026-03-28 12:00:30,5.76,93,Haze
2026-03-28 13:15:13,13.48,35,Clear
2026-03-28 13:58:53,13.15,35,Clear
2026-03-28 14:40:06,4.76,100,Haze
2026-03-28 15:03:11,4.76,100,Haze
2026-03-28 15:43:49,4.76,100,Haze
2026-03-28 16:03:27,12.71,36,Clouds
2026-03-28 16:48:43,4.76,93,Haze
2026-03-28 17:16:49,12.36,36,Clouds
2026-03-28 17:49:43,11.94,37,Clouds
2026-03-28 18:20:37,11.94,37,Clouds
2026-03-28 19:03:31,11.18,38,Clouds
2026-03-28 19:39:47,3.76,100,Mist
2026-03-28 19:58:24,10.94,39,Clouds
2026-03-28 20:39:39,10.79,39,Clouds
2026-03-28 21:02:50,10.79,39,Clouds
2026-03-28 21:40:04,10.91,38,Clouds
2026-03-28 21:59:04,10.91,38,Clouds
2026-03-28 22:38:39,3.76,100,Haze
2026-03-28 23:01:51,3.76,100,Haze
2026-03-28 23:41:25,13.27,31,Clouds
2026-03-29 00:01:06,7.76,87,Haze
2026-03-29 03:30:14,17.76,29,Clear
2026-03-29 05:25:42,18.76,26,Clear
2026-03-29 06:40:42,20.06,19,Clouds
2026-03-29 07:38:35,16.76,31,Haze
2026-03-29 08:05:36,16.76,31,Haze
2026-03-29 08:56:41,17.76,24,Clear
2026-03-29 09:39:45,14.76,29,Clear
2026-03-29 10:04:46,15.32,18,Clouds
2026-03-29 10:50:57,11.76,35,Clear
2026-03-29 11:17:58,13.93,18,Clouds
2026-03-29 11:47:27,11.76,40,Clear
2026-03-29 12:23:16,8.76,53,Clear
2026-03-29 13:32:13,8.76,53,Clear
2026-03-29 14:06:56,14.33,20,Clouds
2026-03-29 14:51:22,13.77,21,Clouds
2026-03-29 15:19:39,13.77,21,Clouds
2026-03-29 15:50:28,13.16,22,Clouds
2026-03-29 16:19:00,13.16,22,Clouds
2026-03-29 16:56:47,8.76,61,Clear
2026-03-29 17:34:27,12.55,24,Clouds
2026-03-29 18:00:29,10.76,43,Clear
2026-03-29 18:58:05,12.81,23,Clouds
2026-03-29 19:36:54,12.81,23,Clouds
2026-03-29 19:58:47,8.76,57,Clear
2026-03-29 20:42:49,8.76,61,Clear
2026-03-29 21:05:18,8.76,61,Clear
2026-03-29 21:45:25,12.33,22,Clouds
2026-03-29 22:03:02,7.76,71,Clear
2026-03-29 22:47:28,13.15,22,Clouds
2026-03-29 23:18:12,10.76,58,Clear
2026-03-29 23:51:09,13.98,21,Clouds
2026-03-30 01:11:28,14.86,21,Clouds
2026-03-30 04:17:33,19.76,28,Clear
2026-03-30 06:11:01,20.76,28,Clear
2026-03-30 08:01:15,19.76,34,Clear
2026-03-30 09:24:47,17.87,17,Clouds
2026-03-30 10:44:15,15.76,41,Clouds
2026-03-30 11:41:46,15.49,39,Rain
2026-03-30 12:41:21,13.76,58,Rain
2026-03-30 14:12:28,12.76,82,Rain
2026-03-30 15:41:55,11.76,100,Rain
2026-03-30 16:40:02,11.76,100,Rain
2026-03-30 17:36:22,11.78,85,Rain
2026-03-30 18:36:51,10.76,100,Rain
2026-03-30 19:39:06,10.76,100,Rain
2026-03-30 20:25:57,11.09,81,Rain
2026-03-30 21:08:12,10.86,81,Rain
2026-03-30 21:56:23,9.76,100,Rain
2026-03-30 22:38:22,9.76,100,Clouds
2026-03-30 23:19:18,11.35,77,Clouds
2026-03-30 23:54:48,10.76,93,Mist
2026-03-31 02:07:24,12.76,71,Clear
2026-03-31 04:43:06,17.76,52,Clouds
2026-03-31 06:07:24,17.76,48,Clouds
2026-03-31 07:43:09,17.76,52,Clouds
2026-03-31 08:42:03,16.76,55,Rain
2026-03-31 09:46:26,16.76,55,Clouds
2026-03-31 10:40:05,15.55,54,Clouds
2026-03-31 11:34:35,13.76,72,Clear
2026-03-31 12:37:00,10.76,82,Clear
2026-03-31 14:12:00,9.76,87,Clouds
2026-03-31 15:36:23,8.76,100,Clear
2026-03-31 16:37:31,7.76,100,Clear
2026-03-31 17:37:31,8.76,100,Clear
2026-03-31 18:36:29,8.76,100,Clear
2026-03-31 19:38:36,7.76,100,Clouds
2026-03-31 20:24:21,6.76,100,Clouds
2026-03-31 21:01:54,6.76,100,Clouds
2026-03-31 21:51:48,7.76,100,Clouds
2026-03-31 22:23:52,8.76,100,Clouds
2026-03-31 22:56:43,8.76,100,Clouds
2026-03-31 23:36:26,11.76,94,Clear
2026-04-01 00:02:37,11.76,94,Clear
2026-04-01 03:37:53,16.76,59,Clouds
2026-04-01 05:37:14,16.76,59,Haze
2026-04-01 07:03:11,14.76,63,Haze
2026-04-01 08:20:28,14.76,31,Clear
2026-04-01 09:40:06,13.76,41,Clear
2026-04-01 10:40:01,11.76,40,Clear
2026-04-01 11:36:40,10.76,54,Clear
2026-04-01 12:39:52,8.76,66,Clouds
2026-04-01 14:16:52,6.76,70,Clouds
2026-04-01 15:46:13,11.01,42,Clouds
2026-04-01 16:39:50,4.76,87,Clear
2026-04-01 17:35:50,3.76,93,Clear
2026-04-01 18:35:08,4.76,87,Clear
2026-04-01 19:41:22,3.76,93,Clear
2026-04-01 20:25:57,3.76,93,Mist
2026-04-01 21:07:36,3.76,93,Mist
2026-04-01 21:56:06,2.76,100,Mist
2026-04-01 22:38:32,3.76,100,Mist
2026-04-01 23:20:59,7.76,87,Mist
2026-04-01 23:53:01,7.76,87,Mist
2026-04-02 01:28:28,12.76,54,Clear
2026-04-02 04:12:20,16.76,36,Clear
2026-04-02 05:50:07,17.76,36,Clear
2026-04-02 06:56:10,15.76,36,Clear
2026-04-02 08:07:07,13.76,41,Clear
2026-04-02 09:13:39,14.11,27,Clear
2026-04-02 10:12:29,12.76,41,Clear
2026-04-02 11:10:37,9.76,53,Clear
2026-04-02 11:57:44,9.76,53,Clear
2026-04-02 13:26:37,7.76,71,Clear
2026-04-02 14:39:13,7.76,81,Haze
2026-04-02 15:40:48,5.76,100,Mist
2026-04-02 16:37:40,5.76,100,Mist
2026-04-02 17:32:15,6.76,100,Mist
2026-04-02 18:30:52,6.76,100,Mist
2026-04-02 19:31:22,5.76,100,Mist
2026-04-02 20:04:07,5.76,100,Mist
2026-04-02 20:50:09,6.76,100,Mist
2026-04-02 21:23:47,6.76,100,Mist
2026-04-02 21:59:01,6.76,100,Mist
2026-04-02 22:40:45,6.76,100,Mist
2026-04-02 23:05:13,8.76,81,Mist
2026-04-02 23:48:14,8.76,81,Mist
2026-04-03 01:03:46,10.76,71,Haze
2026-04-03 03:51:57,17.76,45,Haze
2026-04-03 05:28:01,20.76,28,Haze
2026-04-03 06:47:31,21.76,26,Haze
2026-04-03 07:51:12,20.76,32,Clear
2026-04-03 08:38:41,19.76,37,Clear
2026-04-03 09:37:23,17.76,36,Clear
2026-04-03 10:25:13,15.76,36,Clear
2026-04-03 11:09:42,14.76,44,Clear
2026-04-03 11:52:30,14.76,44,Clear
2026-04-03 12:41:21,14.76,47,Clouds
2026-04-03 13:50:13,14.76,55,Clouds
2026-04-03 14:33:15,13.76,62,Clouds
2026-04-03 15:24:48,12.76,71,Clouds
2026-04-03 15:59:29,12.76,71,Clouds
2026-04-03 16:53:29,13.76,62,Haze
2026-04-03 17:29:03,13.76,62,Rain
2026-04-03 18:03:46,13.76,62,Rain
2026-04-03 19:01:51,12.76,67,Rain
2026-04-03 19:48:21,12.76,62,Rain
2026-04-03 20:19:04,12.76,67,Rain
2026-04-03 20:57:44,12.76,67,Haze
2026-04-03 21:39:59,12.76,67,Rain
2026-04-03 22:02:54,12.76,67,Rain
2026-04-03 22:49:25,11.76,76,Rain
2026-04-03 23:21:16,12.76,71,Rain
2026-04-03 23:53:05,12.76,71,Mist
2026-04-04 01:26:00,15.76,59,Clear
2026-04-04 03:58:05,18.76,52,Clouds
2026-04-04 05:23:29,19.76,52,Clouds
2026-04-04 06:35:31,17.76,59,Clouds
2026-04-04 07:35:16,16.76,63,Clear
2026-04-04 08:05:35,16.76,63,Clear
2026-04-04 08:56:37,15.76,63,Clear
2026-04-04 09:40:34,13.76,72,Clouds
2026-04-04 10:05:41,13.76,72,Clouds
2026-04-04 10:51:08,10.76,76,Clear
2026-04-04 11:18:58,10.76,76,Clouds
2026-04-04 11:47:42,10.76,76,Clouds
2026-04-04 12:23:29,9.76,81,Clouds
2026-04-04 13:32:49,8.76,81,Clouds
2026-04-04 14:07:11,8.76,81,Clouds
2026-04-04 14:50:37,7.76,93,Mist
2026-04-04 15:17:58,7.76,87,Clouds
2026-04-04 15:50:22,7.76,87,Mist
2026-04-04 16:18:46,7.76,93,Mist
2026-04-04 16:57:01,7.76,93,Mist
2026-04-04 17:34:55,7.76,87,Mist
2026-04-04 17:59:46,7.76,87,Mist
2026-04-04 18:57:00,6.76,93,Mist
2026-04-04 19:33:41,6.76,93,Mist
2026-04-04 19:56:25,6.76,93,Mist
2026-04-04 20:34:47,6.76,87,Mist
2026-04-04 21:00:49,6.76,87,Mist
2026-04-04 21:40:49,6.76,93,Mist
2026-04-04 22:00:04,6.76,93,Mist
2026-04-04 22:40:23,6.76,87,Mist
2026-04-04 23:03:08,6.76,87,Mist
2026-04-04 23:42:32,7.76,76,Mist
2026-04-05 00:02:15,7.76,76,Mist
2026-04-05 03:33:36,11.76,54,Clouds
2026-04-05 05:28:03,14.76,47,Clear
2026-04-05 06:44:03,15.76,39,Clear
2026-04-05 07:42:25,15.76,39,Clear
2026-04-05 08:25:01,14.76,36,Clear
2026-04-05 09:06:21,14.76,36,Clear
2026-04-05 09:54:12,13.76,51,Clear
2026-04-05 10:29:16,11.76,58,Clear
2026-04-05 11:03:15,11.76,58,Clear
2026-04-05 11:39:52,10.76,66,Clear
2026-04-05 11:59:16,10.76,66,Rain
2026-04-05 13:16:41,8.76,81,Thunderstorm
2026-04-05 14:02:19,7.76,93,Thunderstorm
2026-04-05 14:48:46,7.76,93,Clouds
2026-04-05 15:18:39,8.76,87,Clouds
2026-04-05 15:51:15,8.76,87,Clouds
2026-04-05 16:21:46,8.76,93,Clouds
2026-04-05 16:59:34,8.76,93,Clouds
2026-04-05 17:40:25,7.76,100,Clouds
2026-04-05 18:02:38,7.76,100,Clouds
2026-04-05 19:00:42,8.76,100,Clouds
2026-04-05 19:40:33,8.76,100,Clouds
2026-04-05 20:00:21,8.76,100,Clouds
2026-04-05 20:46:19,8.76,100,Mist
2026-04-05 21:17:09,9.76,100,Mist
2026-04-05 21:50:00,9.76,100,Rain
2026-04-05 22:15:54,9.76,100,Mist
2026-04-05 22:54:20,9.76,100,Mist
2026-04-05 23:29:23,9.76,100,Rain
2026-04-06 00:00:14,9.76,100,Mist
2026-04-06 03:34:20,10.76,82,Mist
2026-04-06 05:49:06,11.76,71,Haze
2026-04-06 07:13:06,11.76,71,Haze
2026-04-06 08:47:36,13.76,30,Clouds
2026-04-06 09:55:21,13.46,15,Clouds
2026-04-06 10:55:00,9.76,46,Clear
2026-04-06 11:47:28,8.76,46,Clear
2026-04-06 12:38:48,9.27,12,Clouds
2026-04-06 13:58:21,4.76,45,Clear
2026-04-06 14:56:29,7.8,13,Clear
2026-04-06 15:50:42,7.53,15,Clear
2026-04-06 16:32:45,7.53,15,Clear
2026-04-06 17:28:38,7.21,16,Clear
2026-04-06 18:31:18,6.57,23,Clouds
2026-04-06 19:37:15,7.08,25,Clouds
2026-04-06 20:21:37,0.76,75,Clear
2026-04-06 20:59:53,0.76,75,Clear
2026-04-06 21:47:26,0.76,80,Clear
2026-04-06 22:19:59,6.82,21,Clear
2026-04-06 22:59:30,7.35,18,Clear
2026-04-06 23:46:04,8.38,13,Clear
2026-04-07 01:03:35,8.89,15,Clear
2026-04-07 04:03:42,11.91,13,Clear
2026-04-07 05:53:06,13.01,15,Clear
2026-04-07 07:06:57,12.76,30,Clear
2026-04-07 08:19:00,11.65,26,Clear
2026-04-07 09:38:37,10.76,37,Clear
2026-04-07 10:40:07,8.76,53,Clear
2026-04-07 11:37:48,9.43,33,Clear
2026-04-07 12:41:40,6.76,70,Clear
2026-04-07 14:15:36,8.37,33,Clear
2026-04-07 15:48:13,7.65,36,Clear
2026-04-07 16:41:29,2.76,81,Clear
2026-04-07 17:41:26,7.11,43,Clear
2026-04-07 18:38:06,6.76,51,Clear
2026-04-07 19:42:01,0.76,93,Clear
2026-04-07 20:26:40,6.65,52,Clear
2026-04-07 21:11:30,0.76,93,Clear
2026-04-07 21:58:34,6.61,54,Clear
2026-04-07 22:49:20,7.4,50,Clear
2026-04-07 23:25:33,7.4,50,Clear
2026-04-08 00:02:30,6.76,76,Clear
2026-04-08 03:28:02,12.54,29,Clear
2026-04-08 05:26:43,14.27,23,Clear
2026-04-08 06:54:33,14.63,18,Clear
2026-04-08 08:11:31,14.45,22,Clear
2026-04-08 09:19:21,13.66,23,Clear
2026-04-08 10:33:17,10.76,54,Clear
2026-04-08 11:34:27,9.76,57,Clear
2026-04-08 12:39:13,11.77,27,Clouds
2026-04-08 14:15:40,5.76,81,Clear
2026-04-08 15:49:04,10.56,32,Clouds
2026-04-08 16:50:49,10.42,34,Clouds
2026-04-08 17:54:48,10.31,33,Clouds
2026-04-08 19:11:31,8.76,57,Clear
2026-04-08 20:04:03,8.76,57,Rain
2026-04-08 20:58:35,10.51,31,Clouds
2026-04-08 21:52:03,8.76,66,Clear
2026-04-08 22:29:09,9.76,71,Clouds
2026-04-08 23:09:54,11.76,58,Clouds
2026-04-08 23:52:13,10.25,37,Clouds
2026-04-09 01:14:28,11.76,58,Rain
2026-04-09 04:04:35,9.36,76,Rain
2026-04-09 05:55:31,9.18,77,Rain
2026-04-09 07:21:20,10.83,79,Rain
2026-04-09 08:49:48,10.76,100,Rain
2026-04-09 09:59:44,11.31,86,Rain
2026-04-09 11:09:33,9.94,90,Rain
2026-04-09 12:03:21,9.95,91,Rain
2026-04-09 14:08:05,10.25,94,Rain
2026-04-09 15:53:17,10.51,94,Rain
2026-04-09 16:59:15,10.53,94,Rain
2026-04-09 18:03:44,10.63,94,Rain
2026-04-09 19:22:58,11.03,96,Rain
2026-04-09 20:11:06,10.94,96,Rain
2026-04-09 21:03:51,10.55,96,Rain
2026-04-09 21:55:06,9.69,95,Clouds
2026-04-09 22:38:40,9.69,95,Rain
2026-04-09 23:24:47,9.76,100,Mist
2026-04-10 00:00:30,9.76,100,Mist
2026-04-10 03:34:49,9.76,100,Mist
2026-04-10 05:48:33,11.6,72,Clouds
2026-04-10 07:10:43,11.76,70,Clouds
2026-04-10 08:47:51,10.76,87,Mist
2026-04-10 09:55:43,9.88,78,Clouds
2026-04-10 10:54:28,9.3,82,Clouds
2026-04-10 11:43:56,9.76,93,Mist
2026-04-10 12:36:38,8.76,100,Mist
2026-04-10 14:01:04,8.92,86,Clouds
2026-04-10 14:59:31,8.76,100,Clouds
2026-04-10 16:02:01,8,89,Clear
2026-04-10 17:01:13,7.84,90,Clouds
2026-04-10 17:55:37,7.76,100,Mist
2026-04-10 18:51:53,7.77,91,Clouds
2026-04-10 19:35:29,7.76,100,Clouds
2026-04-10 20:06:02,8.08,87,Clouds
2026-04-10 20:53:02,8.22,85,Clouds
2026-04-10 21:30:28,8.22,85,Clouds
2026-04-10 22:05:30,7.76,100,Mist
2026-04-10 22:53:37,9.31,79,Clouds
2026-04-10 23:29:35,8.76,93,Mist
2026-04-11 00:02:26,8.76,93,Mist
2026-04-11 03:15:23,14.92,51,Clear
2026-04-11 05:06:56,17.09,45,Clear
2026-04-11 06:11:56,12.76,76,Haze
2026-04-11 07:17:28,17.34,42,Clear
2026-04-11 08:00:37,14.76,63,Clouds
2026-04-11 08:56:33,16.54,28,Clouds
2026-04-11 09:42:11,15.44,21,Clouds
2026-04-11 10:18:36,15.44,31,Clouds
2026-04-11 10:57:26,14.65,21,Clouds
2026-04-11 11:34:49,7.76,100,Mist
2026-04-11 11:57:53,7.76,100,Mist
2026-04-11 13:11:17,13.17,33,Clouds
2026-04-11 14:01:26,6.76,100,Mist
2026-04-11 14:49:08,12.38,33,Clouds
2026-04-11 15:19:50,12.38,33,Clouds
2026-04-11 15:51:30,5.76,100,Mist
2026-04-11 16:22:14,11.77,34,Clouds
2026-04-11 17:01:13,11.34,36,Clouds
2026-04-11 17:42:57,10.91,38,Clouds
2026-04-11 18:04:06,10.91,38,Clouds
2026-04-11 19:02:42,3.76,100,Fog
2026-04-11 19:44:57,9.71,58,Clouds
2026-04-11 20:02:26,2.76,100,Fog
2026-04-11 20:48:45,2.76,100,Fog
2026-04-11 21:19:07,9.53,57,Clouds
2026-04-11 21:52:14,9.9,54,Clouds
2026-04-11 22:21:09,9.9,54,Clouds
2026-04-11 22:56:52,11.33,46,Clouds
2026-04-11 23:38:19,5.76,100,Fog
2026-04-12 00:03:09,13.04,36,Clouds
2026-04-12 03:41:19,20.57,23,Clouds
2026-04-12 05:45:43,22.99,20,Clouds
2026-04-12 06:58:44,22.7,17,Clouds
2026-04-12 08:05:46,21.76,28,Clear
2026-04-12 09:01:56,22.45,22,Clouds
2026-04-12 09:55:34,20.15,23,Clouds
2026-04-12 10:37:55,18.47,27,Clouds
2026-04-12 11:20:15,18.31,33,Clouds
2026-04-12 11:52:00,13.76,41,Clear
2026-04-12 12:36:53,17,29,Clouds
2026-04-12 13:45:28,11.76,54,Clear
2026-04-12 14:28:02,16.28,15,Clouds
2026-04-12 15:07:32,15.53,16,Clouds
2026-04-12 15:50:44,9.76,71,Clear
2026-04-12 16:22:26,15.05,16,Clouds
2026-04-12 17:02:31,8.76,71,Clear
2026-04-12 17:48:25,7.76,71,Clear
2026-04-12 18:26:36,6.76,87,Clear
2026-04-12 19:21:32,5.76,87,Clear
2026-04-12 19:56:13,5.76,87,Clear
2026-04-12 20:38:13,12.94,20,Clear
2026-04-12 21:06:03,5.76,93,Clear
2026-04-12 21:48:27,13.33,20,Clear
2026-04-12 22:18:15,13.33,20,Clear
2026-04-12 22:58:07,7.76,71,Clear
2026-04-12 23:42:20,16.5,17,Clear
2026-04-13 01:09:39,17.98,24,Clear
2026-04-13 04:29:08,23.76,27,Clear
2026-04-13 06:31:55,26.14,18,Clouds
2026-04-13 08:32:27,25.89,26,Clouds
2026-04-13 10:18:46,22.51,36,Clouds
2026-04-13 11:45:51,20.31,29,Clouds
2026-04-13 12:48:35,19.16,26,Clouds
2026-04-13 14:23:34,19.78,34,Clouds
2026-04-13 15:53:48,18.26,40,Clouds
2026-04-13 16:58:31,11.76,87,Clear
2026-04-13 18:09:19,17.52,29,Clouds
2026-04-13 19:38:45,10.76,93,Clear
2026-04-13 20:35:34,16.39,39,Clouds
2026-04-13 21:28:40,10.76,100,Clear
2026-04-13 22:10:50,16.54,41,Clouds
2026-04-13 23:03:01,11.76,94,Clear
2026-04-13 23:55:09,18.51,37,Clouds
2026-04-14 02:26:05,21.81,27,Clouds
2026-04-14 05:09:54,25.61,23,Clouds
2026-04-14 07:01:13,26.76,21,Clear
2026-04-14 08:49:19,24.92,23,Clouds
2026-04-14 10:02:43,22.76,33,Clear
2026-04-14 11:15:17,18.76,42,Clear
2026-04-14 12:09:53,14.76,47,Clear
2026-04-14 14:11:18,16.3,41,Clouds
2026-04-14 15:39:30,16.22,43,Clouds
2026-04-14 16:45:04,18.05,46,Clouds
2026-04-14 17:52:44,17.7,40,Clouds
2026-04-14 19:00:44,17.37,36,Clouds
2026-04-14 20:12:18,16.92,38,Clouds
2026-04-14 21:08:21,16.5,40,Clouds
2026-04-14 22:03:59,8.76,81,Clouds
2026-04-14 22:59:41,17.55,40,Clouds
2026-04-14 23:53:31,18.95,44,Clouds
2026-04-15 01:55:02,22.69,32,Clouds
2026-04-15 04:44:43,24.76,36,Clear
2026-04-15 06:23:39,25.71,27,Clouds
2026-04-15 08:11:26,23.76,38,Clear
2026-04-15 09:50:56,21.76,43,Clear
2026-04-15 10:49:27,19.31,37,Clear
2026-04-15 11:42:56,17.76,55,Clear
2026-04-15 12:47:25,17.59,38,Clear
2026-04-15 14:20:51,16.87,49,Clear
2026-04-15 15:42:39,12.76,88,Clear
2026-04-15 16:43:48,16.71,42,Clear
2026-04-15 17:49:14,15.86,46,Clear
2026-04-15 18:54:38,12.76,67,Clear
2026-04-15 20:00:42,14.51,51,Clear
2026-04-15 21:02:11,14.18,52,Clear
2026-04-15 22:00:24,11.76,71,Clear
2026-04-15 22:52:32,15.02,45,Clouds
2026-04-15 23:34:34,16.76,48,Clear
2026-04-16 01:10:18,18.55,33,Clouds
2026-04-16 04:24:12,24.76,23,Clear
2026-04-16 06:18:24,25.06,18,Clouds
2026-04-16 08:08:39,25.26,19,Clouds
2026-04-16 09:47:48,22.81,23,Clouds
2026-04-16 10:51:24,20.46,27,Clouds
2026-04-16 11:49:14,16.76,51,Clear
2026-04-16 12:55:25,17.99,29,Clouds
2026-04-16 14:55:03,17.57,35,Clouds
2026-04-16 16:21:31,13.76,67,Clear
2026-04-16 17:48:09,18.29,25,Clouds
2026-04-16 18:52:31,17.94,23,Clouds
2026-04-16 19:56:28,13.76,62,Clear
2026-04-16 20:51:39,16.73,29,Clouds
2026-04-16 21:33:14,15.97,39,Clouds
2026-04-16 22:22:34,15.97,39,Clouds
2026-04-16 23:06:45,15.13,42,Clouds
2026-04-16 23:55:42,14.76,63,Clear
2026-04-17 02:33:36,16.75,45,Clouds
2026-04-17 05:16:15,20.18,40,Clouds
2026-04-17 07:06:11,21.13,36,Clouds
2026-04-17 08:51:58,19.35,44,Clouds
2026-04-17 10:04:07,17.47,50,Clouds
2026-04-17 11:09:40,15.02,51,Clouds
2026-04-17 12:03:00,13.63,54,Clouds
2026-04-17 13:54:27,11.97,60,Clear
2026-04-17 14:52:05,10.76,87,Clear
2026-04-17 15:49:49,9.76,100,Clear
2026-04-17 16:38:19,10.76,93,Clear
2026-04-17 17:31:34,8.76,100,Clear
2026-04-17 18:31:17,14.05,63,Clear
2026-04-17 19:40:44,7.76,100,Clear
2026-04-17 20:25:53,13.64,65,Clouds
2026-04-17 21:09:32,13.39,66,Clouds
2026-04-17 22:00:32,13.84,63,Clouds
2026-04-17 22:54:51,14.99,57,Clouds
2026-04-17 23:36:49,16.67,49,Clouds
2026-04-18 00:07:28,13.76,82,Clear
2026-04-18 03:28:35,23.65,35,Clouds
2026-04-18 05:23:52,25.32,27,Clouds
2026-04-18 06:44:07,25.76,31,Clear
2026-04-18 07:47:15,25.76,29,Clear
2026-04-18 08:31:56,28.04,33,Clouds
2026-04-18 09:29:08,26.03,39,Clouds
2026-04-18 10:10:13,23.92,33,Clouds
2026-04-18 11:00:12,21.34,37,Clouds
2026-04-18 11:43:05,19.44,42,Clouds
2026-04-18 12:26:21,14.76,67,Clear
2026-04-18 13:40:41,14.76,72,Clear
2026-04-18 14:24:56,20.05,50,Clouds
2026-04-18 15:05:22,13.76,77,Clear
2026-04-18 15:51:09,19,58,Clouds
2026-04-18 16:24:11,12.76,88,Clear
2026-04-18 17:04:01,12.76,88,Clear
2026-04-18 17:51:01,12.76,88,Clear
2026-04-18 18:28:46,12.76,88,Clear
2026-04-18 19:25:08,18.61,46,Clouds
2026-04-18 19:58:22,18.05,46,Clouds
2026-04-18 20:46:04,17.8,46,Clouds
2026-04-18 21:20:07,10.76,100,Clear
2026-04-18 21:53:57,18.21,43,Clouds
2026-04-18 22:28:35,11.76,100,Clear
2026-04-18 23:04:59,19.35,40,Clouds
2026-04-18 23:49:20,16.76,77,Clear
2026-04-19 01:12:42,22.76,49,Clear
2026-04-19 04:23:47,27.33,31,Clouds
2026-04-19 06:12:47,26.76,24,Clear
2026-04-19 07:46:53,27.2,25,Clouds
2026-04-19 08:37:27,25.76,29,Clear
2026-04-19 09:28:49,22.76,38,Clear
2026-04-19 10:09:49,22.76,38,Clear
2026-04-19 10:59:26,18.76,48,Clear
2026-04-19 11:44:08,16.76,55,Clear
2026-04-19 12:26:03,20.44,38,Clouds
2026-04-19 13:39:00,17.14,43,Clear
2026-04-19 14:24:25,13.76,82,Clear
2026-04-19 15:04:31,15.48,47,Clear
2026-04-19 15:51:11,14.86,50,Clear
2026-04-19 16:24:51,14.66,55,Clear
2026-04-19 17:04:04,13.88,55,Clear
2026-04-19 17:50:21,16.69,46,Clouds
2026-04-19 18:28:38,12.76,82,Clear
2026-04-19 19:25:08,16.03,49,Clouds
2026-04-19 19:58:55,11.76,94,Clear
2026-04-19 20:49:01,10.76,93,Clear
2026-04-19 21:21:52,15.36,52,Clouds
2026-04-19 21:55:06,15,58,Clouds
2026-04-19 22:34:02,15,58,Clouds
2026-04-19 23:06:59,13.76,82,Clouds
2026-04-19 23:51:34,14.76,72,Clouds
2026-04-20 01:21:49,17.53,65,Clouds
2026-04-20 04:35:00,16.13,72,Rain
2026-04-20 06:34:49,16.62,59,Clouds
2026-04-20 08:38:20,15.93,14,Clouds
2026-04-20 10:22:19,14.67,15,Clouds
2026-04-20 11:48:55,10.66,15,Clouds
2026-04-20 12:56:06,9.32,20,Clear
2026-04-20 14:51:24,8.76,61,Clear
2026-04-20 16:00:51,7.2,45,Clear
2026-04-20 17:16:09,9.64,46,Clear
2026-04-20 18:10:52,9.59,48,Clear
2026-04-20 19:33:16,2.76,93,Clear
2026-04-20 20:23:12,4.76,87,Clear
2026-04-20 21:07:03,9.18,52,Clear
2026-04-20 22:00:02,9.6,51,Clear
2026-04-20 22:56:25,10.82,43,Clear
2026-04-20 23:43:28,9.76,71,Sand
2026-04-21 01:10:04,13.76,41,Sand
2026-04-21 04:20:56,16.76,31,Clear
2026-04-21 06:16:58,16.76,31,Clear
2026-04-21 08:12:09,15.02,28,Clouds
2026-04-21 09:52:53,13.39,43,Clouds
2026-04-21 10:59:24,12.69,48,Clouds
2026-04-21 12:05:02,12.45,50,Clouds
2026-04-21 14:05:25,12.29,50,Clouds
2026-04-21 15:39:41,11.84,53,Clouds
2026-04-21 16:39:32,8.76,93,Sand
2026-04-21 17:41:18,11.77,52,Clouds
2026-04-21 18:44:51,11.82,47,Clouds
2026-04-21 19:52:49,9.76,76,Clear
2026-04-21 20:40:49,9.76,71,Clear
2026-04-21 21:30:42,9.76,71,Clear
2026-04-21 22:22:46,12.2,43,Clouds
2026-04-21 23:03:08,12.49,40,Clouds
2026-04-21 23:48:29,13.37,35,Clouds
2026-04-22 01:08:11,14.55,25,Clouds
2026-04-22 04:16:02,18,23,Clouds
2026-04-22 06:13:26,18.76,26,Clear
2026-04-22 08:07:05,19.58,22,Clouds
2026-04-22 09:49:06,16.91,24,Clouds
2026-04-22 10:54:08,14.76,41,Clear
2026-04-22 11:57:10,12.76,54,Clear
2026-04-22 13:51:36,10.76,66,Clear
2026-04-22 15:02:50,9.76,76,Clear
2026-04-22 16:17:38,14.39,43,Clouds
2026-04-22 17:17:33,13.99,43,Clouds
2026-04-22 18:15:52,8.76,93,Clear
2026-04-22 19:41:30,12.94,44,Clouds
2026-04-22 20:35:35,12.94,44,Clouds
2026-04-22 21:32:23,8.76,81,Clear
2026-04-22 22:25:56,13.05,42,Clouds
2026-04-22 23:25:30,14.34,37,Clouds
2026-04-23 00:09:12,15.84,34,Clouds
2026-04-23 03:45:40,21.76,26,Clear
2026-04-23 05:55:47,22.76,21,Clear
2026-04-23 07:52:59,22.32,17,Clouds
2026-04-23 09:19:18,21.07,20,Clouds
2026-04-23 10:50:33,19.76,24,Clear
2026-04-23 11:49:52,18.78,22,Clouds
2026-04-23 12:50:42,15.76,31,Clear
2026-04-23 15:03:41,15.76,27,Clear
2026-04-23 16:50:46,11.76,47,Clear
2026-04-23 18:00:37,11.76,40,Clear
2026-04-23 19:36:05,7.76,76,Clear
2026-04-23 20:35:12,6.76,76,Clear
2026-04-23 21:26:19,5.76,87,Clear
2026-04-23 22:08:25,9.76,76,Clear
2026-04-23 23:05:04,9.76,76,Clear
2026-04-23 23:58:41,14.76,44,Clear
2026-04-24 03:37:09,22.76,23,Clear
2026-04-24 05:56:34,24.76,19,Clear
2026-04-24 08:06:45,24.76,22,Clear
2026-04-24 09:53:47,21.76,28,Clear
2026-04-24 11:02:07,17.76,29,Clear
2026-04-24 12:02:11,14.76,41,Clear
2026-04-24 14:02:00,12.76,58,Clear
2026-04-24 15:18:45,18.04,19,Clear
2026-04-24 16:14:22,8.76,81,Clear
2026-04-24 17:15:31,8.76,81,Clear
2026-04-24 18:02:10,8.76,81,Clear
2026-04-24 19:08:25,8.76,87,Clear
2026-04-24 19:59:06,7.76,100,Clear
2026-04-24 20:59:33,6.76,87,Clear
2026-04-24 21:54:53,7.76,87,Clear
2026-04-24 22:36:35,11.76,76,Clear
2026-04-24 23:22:55,15.76,55,Clear
2026-04-25 00:00:56,15.76,55,Clear
2026-04-25 03:26:50,23.76,25,Clear
2026-04-25 05:26:54,24.76,18,Clear
2026-04-25 06:50:59,23.76,20,Clear
2026-04-25 07:56:51,23.76,20,Clear
2026-04-25 08:57:02,21.76,24,Clear
2026-04-25 09:55:29,19.76,32,Clear
2026-04-25 10:42:39,17.76,36,Clear
2026-04-25 11:25:55,15.76,48,Clear
2026-04-25 12:01:40,15.76,48,Clear
2026-04-25 13:25:20,12.76,67,Clear
2026-04-25 14:12:52,10.76,82,Clear
2026-04-25 15:02:09,10.76,82,Clear
2026-04-25 15:51:56,8.76,87,Clear
2026-04-25 16:29:22,8.76,93,Clear
2026-04-25 17:11:07,8.76,93,Clear
